"aamzing","amazing"
"aaweosme","awesome"
"aazing","amazing"
"aazming","amazing"
"abck","back"
"abckgrounds","backgrounds"
"abd","bad"
"abilable","available"
"abillity","ability"
"abllet","ballet"
"abnout","about"
"abonut","about"
"abosltey","absolutely"
"aboslultey","absolutely"
"aboslute","absolute"
"aboslutely","absolutely"
"aboslutley","absolutely"
"abosoutley","absolutely"
"abostuely","absolutely"
"abosultely","absolutely"
"abosuotely","absolutely"
"abosuotley","absolutely"
"abosutely","absolutely"
"abosutley","absolutely"
"abougt","about"
"abousltely","absolutely"
"abouslutely","absolutely"
"aboustley","absolutely"
"abslutely","absolutely"
"absolteuly","absolutely"
"absolteuyl","absolutely"
"absoltuely","absolutely"
"absolutelt","absolutely"
"absoluteluy","absolutely"
"absoluteuly","absolutely"
"absolutley","absolutely"
"absolutuely","absolutely"
"absolutuley","absolutely"
"absoluultely","absolutely"
"absoolutely","absolutely"
"absooustlely","absolutely"
"absooutely","absolutely"
"absooutley","absolutely"
"absoslute","absolutely"
"absoslutely","absolutely"
"absosultey","absolutely"
"absotluely","absolutely"
"absotuely","absolutely"
"absoulltely","absolutely"
"absoultely","absolutely"
"absoultleuy","absolutely"
"absoultley","absolutely"
"absoulutely","absolutely"
"absouotely","absolutely"
"absoutelly","absolutely"
"absoutely","absolutely"
"absoutlely","absolutely"
"absoutley","absolutely"
"absoutluely","absolutely"
"absoutrlely","absolutely"
"absoutulely","absolutely"
"absouutlely","absolutely"
"abssolteuly","absolutely"
"abtract","abstract"
"abueatiful","a beautiful"
"abuetiful","beautiful"
"abuot","about"
"abut","about"
"acccept","accepted"
"accomsutemd","accustomed"
"accountablility","accountability"
"accountablilty","accountability"
"accountablily","accountability"
"accumalate","accumulate"
"accuont","account"
"aceptance","acceptance"
"acitons","actions"
"ackflip","backflip"
"ackground","background"
"acknolwedgement","acknowledgement"
"ackonowledge","acknowledge"
"acme","came"
"acn","can"
"acneint","ancient"
"acobatics","acrobatics"
"acocmpainment","accompaniment"
"acocmplished","accomplished"
"acompany","accompany"
"acompsih","accomplish"
"acotors","actors"
"acountable","accountable"
"acquaitance","acquaintance"
"acrbatic","acrobatic"
"acrbotics","acrobatics"
"acrossed","across"
"acrrobatics","acrobatics"
"acryllic","acrylic"
"actaully","actually"
"actauly","actually"
"actaulyl","actually"
"activties","activities"
"actoin","action"
"actoins","actions"
"actuall","actually"
"actualy","actually"
"actualyl","actually"
"acucsotmed","accustomed"
"acutally","actually"
"addedd","added"
"addiotn","addition"
"addresing","addressing"
"aded","added"
"administraton","administration"
"adminitration","administration"
"adminsitration","administration"
"adminsitrative","administrative"
"adminsitrator","administrator"
"adminstration","administration"
"admited","admitted"
"adn","and"
"adnce","dance"
"adncing","dancing"
"aduts","adults"
"adventuer","adventure"
"advertisemetsn","advertisements"
"advetisement","advertisement"
"aech","each"
"affet","affect"
"aggresively","aggressively"
"agian","again"
"agin","again"
"agina","again"
"agricultlural","agricultural"
"agricultlure","agriculture"
"ahappy","happy"
"ahd","had"
"ahdn't","hadn't"
"ahdnkerschiefs","handkerchiefs"
"ahert","heart"
"ahppily","happily"
"ahppy","happy"
"ahrd","hard"
"ahrsh","harsh"
"ahs","has"
"ahve","have"
"ahven't","haven't"
"ahving","having"
"aibility","ability"
"aiblity","ability"
"aimznkg","amazing"
"ajd","and"
"ajnd","and"
"al","all"
"alcohhol","alcohol"
"alittle","a little"
"alll","all"
"almsot","almost"
"alngauges","languages"
"alos","also"
"alot","a lot"
"alowing","allowing"
"alslo","also"
"althoguh","although"
"althought","although"
"altogther","altogether"
"alwasy","always"
"alwasye","always"
"alwats","always"
"alwaus","always"
"alwauys","always"
"alwys","always"
"amaazing","amazing"
"amaing","amazing"
"amaizng","amazing"
"amazesd","amazed"
"amazingd","amazing"
"amazinh","amazing"
"ambosutely","absolutely"
"amd","and"
"amde","made"
"amek","make"
"amgical","magical"
"amke","make"
"amny","many"
"amoutn","amount"
"amoutns","amounts"
"amrvelous","marvelous"
"amtter","matter"
"amybe","maybe"
"amyn","many"
"amzig","amazing"
"amzinag","amazing"
"amzing","amazing"
"an't","can't"
"anaylsis","analysis"
"ancietn","ancient"
"ancing","dancing"
"andf","and"
"anfd","and"
"aniamtiosn","animation"
"animatoin","animation"
"animatoins","animations"
"anjd","and"
"anmd","and"
"anme","name"
"anninveradry","anniversary"
"anniversry","anniversary"
"annivsary","anniversary"
"annoucd","announced"
"annouced","announced"
"annoucers","announcers"
"anonnucer","announcer"
"anonuced","announced"
"anothern","another"
"anoucers","announcers"
"anoyher","another"
"ansewr","answer"
"anthign","anything"
"anticiapted","anticipated"
"anyboydy","anybody"
"anyhign","anything"
"anyhitng","anything"
"anyhthing","anything"
"anyhtig","anything"
"anyhtign","anything"
"anyhting","anything"
"anyhtnig","anything"
"anyihtng","anything"
"anythhing","anything"
"anythig","anything"
"anythign","anything"
"anytihng","anything"
"anytthing","anything"
"aobut","about"
"aorund","around"
"aout","about"
"apolgozied","apologize"
"appartus","apparatus"
"appearss","appears"
"apperance","appearance"
"appercaie","appreciate"
"appercaiet","appreciate"
"appericaited","appreciated"
"appliatble","applicable"
"apppreaciate","appreciate"
"appreaciate","appreciate"
"appreaciatoin","appreciation"
"appreaciet","appreciate"
"appreacite","appreciate"
"appreactiave","appreciative"
"appreaicet","appreciate"
"appreaicte","appreciate"
"apprecaite","appreciate"
"apprecaited","appreciated"
"appreciaed","appreciated"
"appreciaete","appreciate"
"appredciate","appreciate"
"appreicacafe","appreciate"
"appreicate","appreciate"
"appreicated","appreciate"
"appreication","appreciation"
"appreiciated","appreciated"
"approrpraite","appropriate"
"appy","happy"
"aprecaite","appreciate"
"aprpeacied","appreciated"
"aprpeciated","appreciate"
"aprt","part"
"aprticuarly","particularly"
"aprticular","particular"
"arbritraty","arbitrary"
"architypes","archetypes"
"arhcer","archer"
"arhcery","archery"
"aritrsy","artsy"
"aritsitry","artistry"
"aritsitsic","artistic"
"aritsry","artistry"
"aritst","artist"
"aritstry","artistry"
"arlignton","arlington"
"arne't","aren't"
"aronud","around"
"aross","across"
"aroudn","around"
"arrangemetns","arrangements"
"arrangment","arrangement"
"arrivate","arrived"
"arroudn","around"
"artirsy","artistry"
"artistiic","artistic"
"artistriy","artistry"
"artistriyc","artistic"
"artitic","artistic"
"artitrsy","artistry"
"artowrk","artwork"
"artsit","artist"
"artsitry","artistry"
"artsitsry","artistry"
"arttistry","artistry"
"artuculating","articulating"
"asaw","saw"
"asbosultely","absolutely"
"asecpt","aspect"
"ashemed","ashamed"
"asnd","and"
"asosciate","associate"
"asosciation","association"
"aspcet","aspect"
"aspecft","aspect"
"aspest","aspect"
"aspiring","inspiring"
"asscoiation","association"
"assiitance","assistance"
"assimlation","assimilation"
"assitant","assistant"
"assocaited","associated"
"assocation","association"
"associaterd","associated"
"associatoin","association"
"assuemd","assumed"
"ateniotn","attention"
"atheletics","athletics"
"atheltci","athletic"
"atheltic","athletic"
"athelticism","athleticism"
"athetlic","athletic"
"athleticims","athleticism"
"athleticms","athleticism"
"atire","attire"
"atmoshphere","atmosphere"
"attadtive","attractive"
"attchments","attachments"
"atteinot","attention"
"atteintion","attention"
"attemptiing","attempting"
"atteniton","attention"
"attent","attend"
"attentio","attention"
"attentoin","attention"
"attetntion","attention"
"attoruney","attorney"
"attounrney","attorney"
"attourney","attorney"
"atual","actual"
"audiance","audience"
"audicne","audience"
"audiecn","audience"
"audiecne","audience"
"audiene","audience"
"auditotu","auditory"
"audtorium","auditorium"
"authetnic","authentic"
"authetntic","authentic"
"authories","authorities"
"authoritaian","authoritarian"
"authorites","authorities"
"authoritiyes","authorities"
"authro","author"
"authrorities","authorities"
"autmoation","automation"
"awakaenign","awakening"
"awakenign","awakening"
"aways","always"
"aweasome","awesome"
"aweoms","awesome"
"aweomse","awesome"
"aweomsem","awesome"
"aweosme","awesome"
"awesmoe","awesome"
"awesoem","awesome"
"awesonme","awesome"
"awlawys","always"
"awlays","always"
"awnt","want"
"aws","was"
"awtching","watching"
"awthcing","watching"
"awy","way"
"azming","amazing"
"bacgournd","background"
"backgorund","background"
"backgorunds","backgrounds"
"backgounrd","background"
"backgrouds","backgrounds"
"backgroun","background"
"backgrounf","background"
"backgrtound","background"
"backgrund","background"
"backgtound","background"
"backgtround","background"
"backldrops","backdrops"
"backrrops","backdrops"
"baefuhl","beautiful"
"baetufl","beautiful"
"baetuiful","beautiful"
"baetuty","beauty"
"baetuuiful","beautiful"
"baetuy","beauty"
"baeutful","beautiful"
"baeutiful","beautiful"
"baeutufl","beautiful"
"baeutufu","beautiful"
"baeutufully","beautifully"
"baeutuiful","beautiful"
"baeuty","beauty"
"bahck","back"
"bakc","back"
"bakcgoround","background"
"balet","ballet"
"bascially","basically"
"basicalyl","basically"
"bauatluf","beautiful"
"bauetful","beautiful"
"bcause","because"
"bceause","because"
"bceayse","because"
"beacuase","because"
"beacuse","because"
"beafitul","beautiful"
"beafutfl","beautiful"
"beafutiul","beautiful"
"beaiftul","beautiful"
"beaitfiully","beautifully"
"beaitful","beautiful"
"beaitfully","beautifully"
"beaitifuil","beautiful"
"beaitiful","beautiful"
"beaitufl","beautiful"
"beaitufll","beautiful"
"beaitul","beautiful"
"beaiutful","beautiful"
"beaiutufl","beautiful"
"beatful","beautiful"
"beatfuul","beautiful"
"beatgufl","beautiful"
"beatiftful","beautiful"
"beatifui","beautiful"
"beatifuiil","beautiful"
"beatiful","beautiful"
"beatifull","beautiful"
"beatifully","beautifully"
"beatiifully","beautifully"
"beatilful","beautiful"
"beatiufl","beautiful"
"beatiuful","beautiful"
"beatjuful","beautiful"
"beatubful","beautiful"
"beatufiful","beautiful"
"beatufil","beautiful"
"beatufiul","beautiful"
"beatufl","beautiful"
"beatuflb","beautiful"
"beatufli","beautiful"
"beatuflu","beautiful"
"beatufu","beautiful"
"beatufuiul","beautiful"
"beatuful","beautiful"
"beatufull","beautiful"
"beatufuul","beautiful"
"beatufuyl","beautiful"
"beatufyl","beautiful"
"beatuhfl","beautiful"
"beatuiful","beautiful"
"beatul","beautiful"
"beatulfl","beautiful"
"beatulful","beautiful"
"beatulfyl","beautiful"
"beatull","beautiful"
"beatutiful","beautiful"
"beatuufl","beautiful"
"beatuul","beautiful"
"beatuy","beauty"
"beaty","beauty"
"beatyuful","beautiful"
"beauatfull","beautiful"
"beauatiful","beautiful"
"beauatufl","beautiful"
"beaucse","because"
"beaue","because"
"beaufitul","beautiful"
"beaufl","beautiful"
"beauitful","beautiful"
"beauitifl","beautiful"
"beauitufl","beautiful"
"beauoful","beautiful"
"beause","because"
"beautaufl","beautiful"
"beautfil","beautiful"
"beautfl","beautiful"
"beautfuil","beautiful"
"beautful","beautiful"
"beautfull","beautiful"
"beautfuol","beautiful"
"beautfuul","beautiful"
"beauti;ful","beautiful"
"beautifil","beautiful"
"beautifiul","beautiful"
"beautifu","beautiful"
"beautifuk","beautiful"
"beautifula","beautiful"
"beautifull","beautiful"
"beautifulyl","beautifully"
"beautifuu","beautiful"
"beautifuul","beautiful"
"beautiufl","beautiful"
"beautiul","beautiful"
"beautlful","beautiful"
"beautlfuul","beautiful"
"beautoiful","beautiful"
"beautufl","beautiful"
"beautufluly","beautifully"
"beautuful","beautiful"
"beautuiflu","beautiful"
"beautulf","beautiful"
"beaytuful","beautiful"
"becase","because"
"becauisef","because"
"becaus","because"
"becayuse","because"
"beceause","because"
"becomign","becoming"
"becomming","becoming"
"becuas","because"
"becuase","because"
"becuse","because"
"becyase","because"
"beeautufl","beautiful"
"beeautuful","beautiful"
"beeauty","beauty"
"befoer","before"
"befor","before"
"begining","beginning"
"beginings","beginnings"
"beginnign","beginning"
"beginnigs","beginnings"
"beginnning","beginning"
"behidn","behind"
"beign","being"
"beignning","beginning"
"beilefs","beliefs"
"beilesf","beliefs"
"beileved","believed"
"beinng","being"
"beirnig","bringing"
"beisdes","besides"
"beleive","believe"
"beleived","believe"
"beliece","believe"
"belieev","believe"
"beliesf","beliefs"
"believ","believe"
"believs","believes"
"belifs","beliefs"
"belive","believe"
"belived","believed"
"belives","believes"
"beliving","believing"
"belongni","belonging"
"beneifits","benefits"
"benn","been"
"beocming","becoming"
"beofre","before"
"beomcing","becoming"
"bery","very"
"betaiful","beautiful"
"betauful","beautiful"
"beteen","between"
"beteter","better"
"betiuful","beautiful"
"bettr","better"
"bettter","better"
"betuaufl","beautiful"
"betubfl","beautiful"
"betuful","beautiful"
"betwen","between"
"beuaitful","beautiful"
"beuatful","beautiful"
"beuatiflu","beautiful"
"beuatiful","beautiful"
"beuatifull","beautiful"
"beuatifully","beautifully"
"beuatifuly","beautifully"
"beuatiufl","beautiful"
"beuatiuful","beautiful"
"beuatiufulf","beautiful"
"beuatlful","beautiful"
"beuatufk","beautiful"
"beuatufl","beautiful"
"beuatufllly","beautifully"
"beuatuflu","beautiful"
"beuatuful","beautiful"
"beuatufully","beautifully"
"beuatul","beautiful"
"beuatuty","beauty"
"beuaty","beauty"
"beutaful","beautiful"
"beutuafl","beautiful"
"beutufol","beautiful"
"bevlie","believe"
"bewaitufl","beautiful"
"bewcuase","because"
"bfeautlful","beautiful"
"bhack","back"
"bheind","behind"
"bhoth","both"
"bhring","bring"
"bhrings","brings"
"biejing","beijing"
"birnigng","bringing"
"bledned","blended"
"bleieve","believe"
"bleifes","beliefs"
"bleifs","beliefs"
"bleive","believe"
"blesisng","blessing"
"blieed","believed"
"blieefs","beliefs"
"blief","belief"
"bliefes","beliefs"
"bliefs","beliefs"
"blieve","believe"
"blievve","believe"
"boice","voice"
"boiviusly","obviously"
"borught","brought"
"borugt","brought"
"bounderies","boundaries"
"bout","about"
"boviously","obviously"
"boviusly","obviously"
"bperofrm","perform"
"braoaden","broaden"
"breahtaking","breathtaking"
"breahtakingk","breathtaking"
"breahtkaing","breathtaking"
"breathakign","breathtaking"
"breathaking","breathtaking"
"breathetaking","breathtaking"
"breathking","breathtaking"
"bribary","bribery"
"brigheter","brighter"
"brigns","brings"
"briliant","brilliant"
"brilliaint","brilliant"
"brilliatna","brilliant"
"bringiing","bringing"
"bringin","bringing"
"bringnig","bringing"
"brinign","bringing"
"brithday","birthday"
"britihs","british"
"broght","brought"
"brohcure","brochure"
"brookyln","brooklyn"
"broooklyn","brooklyn"
"brothesr","brothers"
"brougut","brought"
"brougyht","brought"
"brougyt","brought"
"bruiatlity","brutality"
"btaetulful","beautiful"
"bteuauful","beautiful"
"btu","but"
"buaetifl","beautiful"
"buaetiful","beautiful"
"buaetifully","beautifully"
"buaetiufull","beautiful"
"buaetlful","beautiful"
"buaetufl","beautiful"
"buaetuflu","beautiful"
"buaetuful","beautiful"
"bueaiful","beautiful"
"bueaitful","beautiful"
"bueaitufl","beautiful"
"bueaity","beauty"
"bueatful","beautiful"
"bueatfully","beautifully"
"bueatfuul","beautiful"
"bueatifl","beautiful"
"bueatiflu","beautiful"
"bueatiflul","beautiful"
"bueatifu","beautiful"
"bueatifuk","beautiful"
"bueatiful","beautiful"
"bueatifull","beautiful"
"bueatifullk","beautiful"
"bueatifully","beautifully"
"bueatifuoll","beautiful"
"bueatifuolly","beautifully"
"bueatifyul","beautiful"
"bueatiilf","beautiful"
"bueatilfl","beautiful"
"bueatilful","beautiful"
"bueatilfuol","beautiful"
"bueatiufl","beautiful"
"bueatiuful","beautiful"
"bueatiufuol","beautiful"
"bueatiul","beautiful"
"bueatiy","beauty"
"bueatiyla","beautiful"
"bueatlful","beautiful"
"bueatlifully","beautifully"
"bueatlufully","beautifully"
"bueatoful","beautiful"
"bueatofully","beautifully"
"bueatoufl","beautiful"
"bueatufil","beautiful"
"bueatufl","beautiful"
"bueatuflly","beautifully"
"bueatuflu","beautiful"
"bueatufoul","beautiful"
"bueatufu","beautiful"
"bueatuful","beautiful"
"bueatuifl","beautiful"
"bueatuiful","beautiful"
"bueatuilu","beautiful"
"bueatul","beautiful"
"bueatulf","beautiful"
"bueatuufl","beautiful"
"bueatuulf","beautiful"
"bueaty","beauty"
"bueautgul","beautiful"
"bueautufl","beautiful"
"bueautul","beautiful"
"buecause","because"
"buetaifiul","beautiful"
"buetaifl","beautiful"
"buetaifuil","beautiful"
"buetaiful","beautiful"
"buetaifully","beautifully"
"buetaigl","beautiful"
"buetaufl","beautiful"
"buetauful","beautiful"
"buetiful","beautiful"
"buetuflly","beautifully"
"buetuful","beautiful"
"buetul","beautiful"
"bueutifully","beautifully"
"bulding","building"
"buteaiful","beautiful"
"buteiaful","beautiful"
"buyeatiful","beautiful"
"byeatiful","beautiful"
"byeatuful","beautiful"
"byecause","because"
"cahcater","character"
"cahnges","changes"
"cahractesr","characters"
"cahrge","charge"
"caj","can"
"calcender","calendar"
"caleld","called"
"calmign","calming"
"calmiing","calming"
"campaignign","campaigning"
"campaigniing","campaigning"
"can[â€˜t","can't"
"canclled","cancelled"
"candiares","candidates"
"candiates","candidates"
"canont","cannot"
"capcity","capacity"
"capitabting","captivating"
"capitatedf","captivated"
"capitcatinvg","captivating"
"capitiating","captivating"
"capitvaitng","captivating"
"capitvate","captivate"
"carreer","career"
"carreid","carried"
"cathloic","catholic"
"cathloism","catholicism"
"catholoic","catholic"
"ccome","come"
"ceate","create"
"ceator","creator"
"celbrating","celebrating"
"ceritanly","certainly"
"ceritified","certified"
"ceritnalny","certainly"
"ceritnaly","certainly"
"certaintly","certainly"
"certainyl","certainly"
"certianly","certainly"
"certinaly","certainly"
"cery","very"
"cetainly","certainly"
"cetner","center"
"cgreat","great"
"chacne","chance"
"chagne","change"
"chagned","changed"
"chagnes","changes"
"challanges","challenges"
"challenigng","challenging"
"chaniging","changing"
"charactesr","characters"
"charatesr","characters"
"charcter","character"
"chian","china"
"chidlrren","children"
"chiense","chinese"
"chienss","chinese"
"chiese","chinese"
"chiesne","chinese"
"childrne","children"
"china","china"
"chinees","chinese"
"chines","chinese"
"chinese","chinese"
"chinesse","chinese"
"chinse","chinese"
"chinsee","chinese"
"chinsees","chinese"
"chinsese","chinese"
"chirsitians","Christians"
"chirsitna","Christian"
"chisenes","chinese"
"chldren","children"
"chnges","changes"
"chogoreaphy","choreography"
"chooreagorhapy","choreography"
"chooreghapy","choreography"
"chopstickes","chopsticks"
"chopstics","chopsticks"
"choreagphty","choreography"
"choreagraphy","choreography"
"choreaogphed","choreographed"
"choreaography","choreography"
"choregarphy","choreography"
"choregoraphy","choreography"
"choregphary","choreography"
"choregphray","choreography"
"choregprahy","choreography"
"choregraphy","choreography"
"choreoagarphy","choreography"
"choreoagraphy","choreography"
"choreoagrpahy","choreography"
"choreogaprhy","choreography"
"choreogarhpy","choreography"
"choreogarphed","choreographed"
"choreogarphy","choreography"
"choreogprah","choreography"
"choreogprahers","choreographers"
"choreograhping","choreographing"
"choreograhpy","choreography"
"choreograph","choreography"
"choreographd","choreographed"
"choreogratphy","choreography"
"choreogrpahy","choreography"
"choreogrpaphed","choreographed"
"choreohgrapher","choreographer"
"choreohgraphy","choreography"
"choreoraphy","choreography"
"chorepgrahpy","choreography"
"chorepgrhapy","choreography"
"choroeagphty","choreography"
"choroegraphy","choreography"
"chororeaphy","choreography"
"chororegaphy","choreography"
"chreography","choreography"
"chrisniaty","christianity"
"christaisn","christians"
"christniaty","christianity"
"chrylser","chrysler"
"chuinese","chinese"
"cihna","china"
"cihnese","chinese"
"ciltlures","cultures"
"ciltures","cultures"
"cilviation","civilization"
"cines","chinese"
"cinese","chinese"
"cinredible","incredible"
"cinredibly","incredibly"
"ciry","city"
"citaiton","citation"
"civilizatino","civilization"
"civilzation","civilization"
"civli","civil"
"civliin","civilian"
"civliizations","civilizations"
"civlizaiotn","civilization"
"claer","clear"
"clelo","cello"
"clors","colors"
"cltlure","culture"
"clture","culture"
"clulrure","culture"
"clultrure","culture"
"clultuer","culture"
"clulture","culture"
"clultures","cultures"
"clurltuers","cultures"
"clurlure","culture"
"clurtlure","culture"
"clurture","culture"
"clurure","culture"
"cluteure","culture"
"clutlre","culture"
"clutlue","culture"
"clutluer","culture"
"clutlues","cultures"
"clutlural","cultural"
"clutlure","culture"
"clutlures","cultures"
"clutlurs","cultures"
"clutue","culture"
"clutuers","cultures"
"clutues","cultures"
"clutulers","cultures"
"clutulral","cultural"
"clutulre","culture"
"clutulres","cultures"
"clutural","cultural"
"cluture","culture"
"clutures","cultures"
"clututres","cultures"
"cluure","culture"
"cluutlre","culture"
"cluutlres","cultures"
"cming","coming"
"cmoputer","computer"
"cna","can"
"cnoutry","country"
"cnultures","cultures"
"coahing","coaching"
"coalitino","coalition"
"coem","come"
"coffeee","coffee"
"cohregraphy","choreography"
"coing","coming"
"cointues","continues"
"colbumbus","columbus"
"colelge","college"
"collors","colors"
"colonialization","colonization"
"colorufl","colorful"
"colrful","colorful"
"colroful","colorful"
"colros","colors"
"comapny","company"
"comapred","compared"
"combiantnoi","combination"
"combinatoin","combination"
"combinatoins","combinations"
"combinaton","combination"
"combionation","combination"
"comboiantion","combination"
"comeing","coming"
"comfrotable","comfortable"
"comig","coming"
"comign","coming"
"comignt","coming"
"comimttment","commitment"
"comined","combined"
"comission","commission"
"comiting","committing"
"commerece","commerce"
"commerical","commercial"
"commericla","commercial"
"commimited","committed"
"commited","committed"
"commitees","committed"
"commiteted","committed"
"committment","commitment"
"committs","commits"
"commonalties","commonalities"
"communcaite","communicate"
"communcaiton","communication"
"communicadte","communicate"
"communitative","commutative"
"communites","communities"
"communiy","community"
"communsit","communist"
"communsti","communist"
"communtiy","community"
"communuities","communities"
"comnunism","communism"
"compasiosn","compassion"
"compeltely","completely"
"completley","completely"
"completlyl","completely"
"compltely","completely"
"compmany","company"
"componentn","component"
"compressoin","compression"
"compteampory","contemporary"
"comstumes","costumes"
"comunicaiotn","communication"
"comunism","communism"
"comunist","communist"
"comunntiy","community"
"conbined","combined"
"concenred","concerned"
"concered","concerned"
"condeming","condemning"
"condemsns","condemns"
"conditinos","conditions"
"conditiong","conditioning"
"conditoins","conditions"
"conduvtor","conductor"
"conecnting","connecting"
"conected","connected"
"conection","connection"
"coneection","connection"
"conenct","connect"
"conencted","connected"
"conenction","connection"
"confition","condition"
"confusicus","confucius"
"congess","congress"
"conintue","continue"
"conitnue","continue"
"conitnuing","continuing"
"connecion","connection"
"connectoin","connection"
"connetion","connection"
"consciecne","conscience"
"consdiering","considering"
"consicnece","conscience"
"consitent","consistent"
"constanly","constantly"
"constituion","constitution"
"constituional","constitutional"
"constnalty","constantly"
"construciotn","construction"
"constulant","consultant"
"consueqnces","consequences"
"contatenation","concatenation"
"conteompaory","contemporary"
"contieue","continue"
"contiued","continued"
"contorl","control"
"contribued","contributed"
"contue","continue"
"convertin","converting"
"coolors","colors"
"coordainted","coordinated"
"coordiantoin","coordination"
"coordianton","coordination"
"coordiantor","coordinator"
"costues","costumes"
"coul","could"
"culltuers","cultures"
"cultlure","culture"
"cultuer","culture"
"cultulre","culture"
"cutlural","cultural"
"cutlure","culture"
"cutlurla","cultural"
"cutulral","cultural"
"dacers","dancers"
"danacing","dancing"
"defintely","definitely"
"deifniltey","definitely"
"didnt","didn't"
"differetn","different"
"differnet","different"
"disappaering","disappearing"
"divnity","divinity"
"dnacers","dancers"
"dont'","don't"
"eabtuful","beautiful"
"eabutful","beautiful"
"eatbuf","beautiful"
"eb","be"
"ebauty","beauty"
"ebeatufl","beautiful"
"ebeatuful","beautiful"
"ejjoyed","enjoyed"
"elittle","little"
"emssage","message"
"enejoyed","enjoyed"
"enjoyd","enjoyed"
"enjoyiong","enjoying"
"enrgy","energy"
"erngy","energy"
"ery","very"
"especailly","especially"
"euatful","beautiful"
"everythign","everything"
"everythin","everything"
"everytibng","everything"
"expereicen","experience"
"expereince","experience"
"expereinces","experiences"
"experiecne","experience"
"eyars","years"
"familiarty","familiarity"
"feleing","feeling"
"forberance","forbearance"
"gauranteed","guaranteed"
"girsl","girls"
"goernment","government"
"govenrment","goverment"
"havne't","haven't"
"hhappened","happened"
"higlight","highlight"
"hoestnly","honestly"
"hsitory","history"
"huamnity","humanity"
"hven't","haven't"
"hwich","which"
"i","I"
"i've","I've"
"ike","like"
"ilekd","liked"
"im","I'm"
"importnat","important"
"inpisiring","inspiring"
"inspiired","inspired"
"interseting","interesting"
"intersted","interested"
"iwth","with"
"jsut","just"
"juping","jumping"
"kdin've","kind've"
"konw","know"
"kow","know"
"laso","also"
"learnign","learning"
"liek","like"
"liekd","liked"
"ltittl","little"
"lvoed","loved"
"mesage","message"
"messsage","message"
"missiont","mission"
"mmy","my"
"moveoments","movements"
"msot","most"
"muhc","much"
"nd","and"
"necesarily","necessarily"
"nejoy","enjoy"
"nie","nice"
"obviusly","obviously"
"oechestra","orchestra"
"onlyn","only"
"onyln","only"
"opinoin","opinion"
"orchsetra","orchestra"
"os","so"
"ot","to"
"otu","out"
"owkr","work"
"owndeful","wonderful"
"owuld","would"
"oyu","you"
"particualry","particularly"
"particuar","particular"
"peacefu","peaceful"
"peole","people"
"peolpe","people"
"peolpec","people"
"peopel","people"
"pepole","people"
"perfomrance","performance"
"perforamnce","performance"
"performacen","performance"
"performacne","performance"
"performane","performance"
"perofmrance","performance"
"politilca","political"
"presneting","presenting"
"prety","pretty"
"psirtual","spiritual"
"qggressive","aggressive"
"reallu","really"
"realyl","really"
"reliogion","religion"
"rememver","remember"
"righr","right"
"scholary","scholarly"
"scnery","scenery"
"shen","Shen"
"shold","should"
"si","is"
"siilarties","similarities"
"skiled","skilled"
"sleevse","sleeves"
"soem","some"
"sohudld","should"
"somethig","something"
"speakign","speaking"
"specialflly","specifically"
"spiecial","special"
"spiriptual","spiritual"
"spiriual","spiritual"
"spirtuality","spirituality"
"spirutal","spiritual"
"spritual","spiritual"
"stnading","standing"
"storeis","stories"
"studenst","students"
"surpise","surprise"
"synchopated","syncopated"
"synchornizity","synchronicity"
"taht","that"
"technolgoy","technology"
"testinglola","testinglolb"
"thbought","thought"
"they['re","they're"
"thign","thing"
"thigns","things"
"thigs","things"
"thigsn","things"
"thik","think"
"thikn","think"
"thistory","history"
"thoguht","thought"
"thorugh","through"
"thougt","thought"
"ti","it"
"ti's","it's"
"tink","think"
"tis'","it's"
"traditioanl","traditional"
"traditoinal","traditional"
"tradtional","traditional"
"trianing","training"
"truh","truth"
"ubaetufl","beautiful"
"uplfying","uplifting"
"uplifting","uplifting"
"usally","usually"
"usic","music"
"ust","just"
"veautful","beautiful"
"vert","very"
"vewry","very"
"vey","very"
"vrey","very"
"waht","what"
"wahtever","whatever"
"wans't","wasn't"
"wass","was"
"wathcing","watching"
"wiht","with"
"wil","will"
"wondefu","wonderful"
"wondeful","wonderful"
"woud","would"
"yea","yeah"
"yeab","yeah"
"yeag","yeah"
"ymself","myself"
"youe","your"
"yu","you"
"yun","Yun"
